Name,Address,Website,Type,Awards offered,Campus setting,Campus housing,Student population,Undergraduate students,Graduation Rate,Transfer-Out Rate,Cohort Year *,Net Price **,Largest Program,IPEDS ID,OPE ID
University of Alaska Anchorage,"3211 Providence Drive, Anchorage, Alaska 99508",www.uaa.alaska.edu,"4-year, Public",Less than one year certificate|One but less than two years certificate|Associate's degree|Bachelor's degree|Postbaccalaureate certificate|Master's degree|Doctor's degree - research/scholarship,City: Large,Yes,16762,15917,24%,19%,Fall 2009,"$8,159 ",-,102553,1146200
University of Alaska Fairbanks,"505 South Chandalar Drive, Fairbanks, Alaska 99775-7500",www.uaf.edu,"4-year, Public",Less than one year certificate|One but less than two years certificate|Associate's degree|Bachelor's degree|Postbaccalaureate certificate|Master's degree|Doctor's degree - research/scholarship,Suburb: Small,Yes,8638,7533,28%,21%,Fall 2009,"$8,741 ",-,102614,106300
Bergin University of Canine Studies,"5860 Labath Avenue, Rohnert Park, California 94928",www.berginu.edu,"4-year, Private not-for-profit",Associate's degree|Bachelor's degree|Master's degree,Suburb: Large,No,61,28,NA,NA,Fall 2009,NA,-,461643,4176300
California Institute of Technology,"1200 E California Blvd, Pasadena, California 91125",www.caltech.edu,"4-year, Private not-for-profit",Bachelor's degree|Master's degree|Post-master's certificate|Doctor's degree - research/scholarship,City: Midsize,Yes,2255,1001,91%,NA,Fall 2009,"$23,213 ",-,110404,113100
California Polytechnic State University-San Luis Obispo,"1 Grand Ave., San Luis Obispo, California 93407",calpoly.edu,"4-year, Public",Bachelor's degree|Master's degree,Suburb: Small,Yes,20944,20049,76%,4%,Fall 2009,"$18,238 ",-,110422,114300
California State Polytechnic University-Pomona,"3801 West Temple Avenue, Pomona, California 91768",www.cpp.edu,"4-year, Public",Bachelor's degree|Master's degree|Doctor's degree,Suburb: Large,Yes,23717,22157,63%,2%,Fall 2009,"$13,603 ",-,110529,114400
California State University-Bakersfield,"9001 Stockdale Hwy, Bakersfield, California 93311-1099",www.csub.edu,"4-year, Public",Bachelor's degree|Master's degree|Doctor's degree,City: Large,Yes,9228,8108,39%,4%,Fall 2009,"$6,376 ",-,110486,799300
California State University-Channel Islands,"One University Dr, Camarillo, California 93012",www.csuci.edu,"4-year, Public",Bachelor's degree|Postbaccalaureate certificate|Master's degree,Suburb: Midsize,Yes,6167,5940,57%,6%,Fall 2009,"$13,364 ",-,441937,3980300
California State University-Chico,"First and Normal Sts, Chico, California 95929-0150",www.csuchico.edu,"4-year, Public",Bachelor's degree|Master's degree,City: Small,Yes,17220,16127,64%,4%,Fall 2009,"$13,583 ",-,110538,114600
California State University-Dominguez Hills,"1000 E Victoria St, Carson, California 90747-0005",www.csudh.edu,"4-year, Public",Bachelor's degree|Postbaccalaureate certificate|Master's degree|Post-master's certificate,City: Small,Yes,14635,12620,35%,3%,Fall 2009,"$3,764 ",-,110547,114100
California State University-East Bay,"25800 Carlos Bee Blvd, Hayward, California 94542",www.csueastbay.edu,"4-year, Public",Bachelor's degree|Master's degree|Doctor's degree,City: Midsize,Yes,15528,13058,45%,4%,Fall 2009,"$10,131 ",-,110574,113800
California State University-Fresno,"5241 N Maple Ave, Fresno, California 93740",www.csufresno.edu,"4-year, Public",Bachelor's degree|Postbaccalaureate certificate|Master's degree|Post-master's certificate|Doctor's degree - professional practice|Doctor's degree - other,City: Large,Yes,24136,21482,58%,3%,Fall 2009,"$6,846 ",-,110556,114700
California State University-Fullerton,"800 N State College Blvd, Fullerton, California 92831-3599",www.fullerton.edu,"4-year, Public",Bachelor's degree|Master's degree|Doctor's degree - professional practice|Doctor's degree - other,Suburb: Large,Yes,38948,33144,62%,2%,Fall 2009,"$7,915 ",-,110565,113700
California State University-Long Beach,"1250 Bellflower Blvd, Long Beach, California 90840-0115",www.csulb.edu,"4-year, Public",Bachelor's degree|Master's degree|Doctor's degree - research/scholarship|Doctor's degree - professional practice|Doctor's degree - other,City: Large,Yes,37446,32195,67%,1%,Fall 2009,"$9,597 ",-,110583,113900
California State University-Los Angeles,"5151 State University Dr, Los Angeles, California 90032-8506",www.calstatela.edu,"4-year, Public",Bachelor's degree|Postbaccalaureate certificate|Master's degree|Doctor's degree - research/scholarship|Doctor's degree - other,City: Large,Yes,27680,23458,45%,3%,Fall 2009,"$3,160 ",-,110592,114000
California State University-Northridge,"18111 Nordhoff St, Northridge, California 91330",www.csun.edu,"4-year, Public",Bachelor's degree|Master's degree|Doctor's degree - professional practice|Doctor's degree - other,City: Large,Yes,41548,37188,50%,10%,Fall 2009,"$7,075 ",-,110608,115300
California State University-Sacramento,"6000 J St, Sacramento, California 95819-2694",www.csus.edu,"4-year, Public",Bachelor's degree|Master's degree|Doctor's degree - research/scholarship|Doctor's degree - professional practice|Doctor's degree - other,City: Large,Yes,30284,27723,46%,4%,Fall 2009,"$8,956 ",-,110617,115000
California State University-San Bernardino,"5500 University Parkway, San Bernardino, California 92407-2397",www.csusb.edu,"4-year, Public",Bachelor's degree|Master's degree|Doctor's degree,City: Midsize,Yes,20024,17762,52%,2%,Fall 2009,"$6,984 ",-,110510,114200
California State University-San Marcos,"333 S Twin Oaks Valley Rd, San Marcos, California 92096-0001",www.csusm.edu,"4-year, Public",Bachelor's degree|Master's degree|Doctor's degree,Suburb: Large,Yes,12793,12184,51%,4%,Fall 2009,"$10,543 ",-,366711,3011300
Claremont Graduate University,"150 E Tenth St, Claremont, California 91711-6160",www.cgu.edu,"4-year, Private not-for-profit",Postbaccalaureate certificate|Master's degree|Doctor's degree - research/scholarship,Suburb: Large,Yes,2136,,NA,NA,Fall 2009,NA,-,112251,116900
Dominican University of California,"50 Acacia Ave, San Rafael, California 94901-2298",www.dominican.edu,"4-year, Private not-for-profit",Bachelor's degree|Master's degree,City: Small,Yes,1863,1383,64%,25%,Fall 2009,"$34,908 ",-,113698,119600
Humboldt State University,"1 Harpst Street, Arcata, California 95521-8299",www.humboldt.edu,"4-year, Public",Bachelor's degree|Master's degree,Town: Remote,Yes,8790,8259,46%,6%,Fall 2009,"$13,216 ",-,115755,114900
Loma Linda University,"11139 Anderson Street, Loma Linda, California 92350",www.llu.edu/index.html,"4-year, Private not-for-profit",Less than one year certificate|One but less than two years certificate|Associate's degree|Two but less than 4 years certificate|Bachelor's degree|Postbaccalaureate certificate|Master's degree|Post-master's certificate|Doctor's degree - research/scholarship|Doctor's degree - professional practice|Doctor's degree - other,Suburb: Large,Yes,4490,1192,NA,NA,Fall 2009,NA,-,117636,121800
Loyola Marymount University,"One Lmu Drive, Los Angeles, California 90045-2659",www.lmu.edu,"4-year, Private not-for-profit",Bachelor's degree|Postbaccalaureate certificate|Master's degree|Post-master's certificate|Doctor's degree - research/scholarship|Doctor's degree - professional practice,City: Large,Yes,9392,6259,79%,NA,Fall 2009,"$40,226 ",-,117946,1164900
Marshall B Ketchum University,"2575 Yorba Linda Blvd, Fullerton, California 92831-1699",www.ketchum.edu,"4-year, Private not-for-profit",Master's degree|Doctor's degree - professional practice,Suburb: Large,Yes,460,,NA,NA,Fall 2009,NA,-,123943,123000
National University,"11255 North Torrey Pines Road, La Jolla, California 92037-1011",www.nu.edu,"4-year, Private not-for-profit",Less than one year certificate|Associate's degree|Bachelor's degree|Postbaccalaureate certificate|Master's degree,City: Large,No,17488,8850,33%,NA,Fall 2009,"$22,149 ",-,119605,1146000
Occidental College,"1600 Campus Rd, Los Angeles, California 90041-3392",www.oxy.edu,"4-year, Private not-for-profit",Bachelor's degree|Master's degree,City: Large,Yes,2023,2021,88%,9%,Fall 2009,"$31,645 ",-,120254,124900
San Diego State University,"5500 Campanile Dr, San Diego, California 92182",www.sdsu.edu,"4-year, Public",Bachelor's degree|Postbaccalaureate certificate|Master's degree|Doctor's degree - research/scholarship|Doctor's degree - professional practice|Doctor's degree - other,City: Large,Yes,34254,29253,68%,2%,Fall 2009,"$14,048 ",-,122409,115100
San Francisco State University,"1600 Holloway Ave, San Francisco, California 94132",www.sfsu.edu,"4-year, Public",Bachelor's degree|Postbaccalaureate certificate|Master's degree|Doctor's degree - research/scholarship|Doctor's degree - professional practice|Doctor's degree - other,City: Large,Yes,30256,26906,51%,6%,Fall 2009,"$12,941 ",-,122597,115400
San Jose State University,"One Washington Square, San Jose, California 95192-0001",www.sjsu.edu,"4-year, Public",Bachelor's degree|Postbaccalaureate certificate|Master's degree|Doctor's degree - professional practice|Doctor's degree - other,City: Large,Yes,32773,26822,57%,3%,Fall 2009,"$13,642 ",-,122755,115500
Santa Clara University,"500 El Camino Real, Santa Clara, California 95053",www.scu.edu,"4-year, Private not-for-profit",One but less than two years certificate|Two but less than 4 years certificate|Bachelor's degree|Postbaccalaureate certificate|Master's degree|Post-master's certificate|Doctor's degree - research/scholarship|Doctor's degree - professional practice,City: Midsize,Yes,8680,5385,84%,NA,Fall 2009,"$37,198 ",-,122931,132600
Sonoma State University,"1801 E Cotati Ave, Rohnert Park, California 94928-3609",www.sonoma.edu,"4-year, Public",Bachelor's degree|Master's degree,Suburb: Large,Yes,9408,8654,59%,7%,Fall 2009,"$15,585 ",-,123572,115600
Stanford University," , Stanford, California 94305",www.stanford.edu/,"4-year, Private not-for-profit",Bachelor's degree|Master's degree|Post-master's certificate|Doctor's degree - research/scholarship|Doctor's degree - professional practice,Suburb: Large,Yes,16980,7000,94%,NA,Fall 2009,"$19,245 ",-,243744,130500
University of California-Berkeley,"200 California Hall, Berkeley, California 94720",www.berkeley.edu,"4-year, Public",Bachelor's degree|Postbaccalaureate certificate|Master's degree|Post-master's certificate|Doctor's degree - research/scholarship|Doctor's degree - professional practice,City: Midsize,Yes,38189,27496,92%,NA,Fall 2009,"$16,601 ",-,110635,131200
University of California-Davis,"One Shields Avenue, Davis, California 95616-8678",www.ucdavis.edu,"4-year, Public",Bachelor's degree|Postbaccalaureate certificate|Master's degree|Post-master's certificate|Doctor's degree - research/scholarship|Doctor's degree - professional practice,Suburb: Small,Yes,35186,28257,85%,NA,Fall 2009,"$16,841 ",-,110644,131300
University of California-Irvine,"501 Aldrich Hall, Irvine, California 92697",www.uci.edu/,"4-year, Public",Bachelor's degree|Postbaccalaureate certificate|Master's degree|Doctor's degree - research/scholarship|Doctor's degree - professional practice,City: Midsize,Yes,30836,25256,88%,8%,Fall 2009,"$14,662 ",-,110653,131400
University of California-Los Angeles,"405 Hilgard Ave, Los Angeles, California 90095-1405",www.ucla.edu/,"4-year, Public",Bachelor's degree|Master's degree|Doctor's degree - research/scholarship|Doctor's degree - professional practice,City: Large,Yes,41908,29585,91%,NA,Fall 2009,"$13,816 ",-,110662,131500
University of California-Merced,"5200 North Lake Road, Merced, California 95343-5603",www.ucmerced.edu,"4-year, Public",Bachelor's degree|Master's degree|Doctor's degree - research/scholarship,Rural: Fringe,Yes,6685,6237,66%,NA,Fall 2009,"$13,350 ",-,445188,4127100
University of California-Riverside,"900 University Ave, Riverside, California 92521",WWW.UCR.EDU,"4-year, Public",Bachelor's degree|Master's degree|Doctor's degree - research/scholarship|Doctor's degree - professional practice,City: Large,Yes,21385,18607,73%,19%,Fall 2009,"$13,365 ",-,110671,131600
University of California-San Diego,"9500 Gilman Dr, La Jolla, California 92093",www.ucsd.edu,"4-year, Public",Bachelor's degree|Master's degree|Doctor's degree - research/scholarship|Doctor's degree - professional practice,City: Large,Yes,32906,26590,87%,NA,Fall 2009,"$14,933 ",-,110680,131700
University of California-San Francisco,"500 Parnassus Ave, San Francisco, California 94143-0244",www.ucsf.edu,"4-year, Public",Postbaccalaureate certificate|Master's degree|Post-master's certificate|Doctor's degree - research/scholarship|Doctor's degree - professional practice,City: Large,Yes,3107,,NA,NA,Fall 2009,NA,-,110699,131900
University of California-Santa Barbara,"5221 Cheadle Hall, Santa Barbara, California 93106",www.ucsb.edu,"4-year, Public",Bachelor's degree|Postbaccalaureate certificate|Master's degree|Doctor's degree - research/scholarship,Suburb: Midsize,Yes,23497,20607,81%,NA,Fall 2009,"$16,211 ",-,110705,132000
University of California-Santa Cruz,"1156 High St, Santa Cruz, California 95064-1011",www.ucsc.edu/,"4-year, Public",Bachelor's degree|Postbaccalaureate certificate|Master's degree|Doctor's degree - research/scholarship,City: Small,Yes,17868,16231,78%,10%,Fall 2009,"$17,550 ",-,110714,132100
University of San Diego,"5998 Alcala Park, San Diego, California 92110-2492",www.sandiego.edu,"4-year, Private not-for-profit",Bachelor's degree|Postbaccalaureate certificate|Master's degree|Doctor's degree - research/scholarship|Doctor's degree - professional practice|Doctor's degree - other,City: Large,Yes,8251,5647,79%,NA,Fall 2009,"$35,950 ",-,122436,1039500
University of San Francisco,"2130 Fulton St, San Francisco, California 94117-1080",https://www.usfca.edu,"4-year, Private not-for-profit",Bachelor's degree|Postbaccalaureate certificate|Master's degree|Post-master's certificate|Doctor's degree - research/scholarship|Doctor's degree - professional practice,City: Large,Yes,10797,6782,71%,21%,Fall 2009,"$35,641 ",-,122612,132500
University of Southern California,"University Park, Los Angeles, California 90089",www.usc.edu/,"4-year, Private not-for-profit",Bachelor's degree|Postbaccalaureate certificate|Master's degree|Post-master's certificate|Doctor's degree - research/scholarship|Doctor's degree - professional practice|Doctor's degree - other,City: Large,Yes,43401,18810,92%,NA,Fall 2009,"$31,384 ",-,123961,132800
University of the Pacific,"3601 Pacific Ave, Stockton, California 95211-0197",www.pacific.edu,"4-year, Private not-for-profit",Bachelor's degree|Master's degree|Doctor's degree - research/scholarship|Doctor's degree - professional practice,City: Large,Yes,6281,3735,66%,NA,Fall 2009,"$33,816 ",-,120883,132900
Western University of Health Sciences,"309 E 2nd St, Pomona, California 91766-1854",www.westernu.edu,"4-year, Private not-for-profit",Master's degree|Post-master's certificate|Doctor's degree - professional practice,Suburb: Large,No,3876,,NA,NA,Fall 2009,NA,-,112525,2482700
Colorado School of Mines,"1500 Illinois St, Golden, Colorado 80401",www.mines.edu,"4-year, Public",Bachelor's degree|Master's degree|Post-master's certificate|Doctor's degree - research/scholarship,Suburb: Large,Yes,6054,4605,77%,7%,Fall 2009,"$24,297 ",-,126775,134800
Colorado State University-Fort Collins,"102 Administration Building, Fort Collins, Colorado 80523-0100",www.colostate.edu,"4-year, Public",Bachelor's degree|Postbaccalaureate certificate|Master's degree|Doctor's degree - research/scholarship|Doctor's degree - professional practice,City: Midsize,Yes,30614,23917,67%,9%,Fall 2009,"$15,664 ",-,126818,135000
Colorado State University-Pueblo,"2200 Bonforte Blvd, Pueblo, Colorado 81001-4901",www.csupueblo.edu,"4-year, Public",Bachelor's degree|Master's degree,City: Midsize,Yes,7563,5006,33%,17%,Fall 2009,"$11,678 ",-,128106,136500
Regis University,"3333 Regis Blvd, Denver, Colorado 80221-1099",www.regis.edu/,"4-year, Private not-for-profit",Less than one year certificate|One but less than two years certificate|Bachelor's degree|Postbaccalaureate certificate|Master's degree|Post-master's certificate|Doctor's degree - professional practice,City: Large,Yes,8725,4499,73%,NA,Fall 2009,"$25,544 ",-,127918,136300
University of Colorado Boulder,"Regent Drive at Broadway, Boulder, Colorado 80309-0017",www.colorado.edu,"4-year, Public",Bachelor's degree|Postbaccalaureate certificate|Master's degree|Post-master's certificate|Doctor's degree - research/scholarship|Doctor's degree - professional practice,City: Small,Yes,33056,27142,71%,19%,Fall 2009,"$21,248 ",-,126614,137000
University of Colorado Denver/Anschutz Medical Campus,"1380 Lawrence Street, Lawrence Street Center, Suite 1400, Denver, Colorado 80217-3364",www.ucdenver.edu/,"4-year, Public",Bachelor's degree|Master's degree|Doctor's degree - research/scholarship|Doctor's degree - professional practice,City: Large,No,23671,14036,46%,10%,Fall 2009,"$12,568 ",-,126562,450800
University of Denver,"2199 S. University Blvd, Denver, Colorado 80208",www.du.edu,"4-year, Private not-for-profit",Less than one year certificate|Bachelor's degree|Postbaccalaureate certificate|Master's degree|Post-master's certificate|Doctor's degree - research/scholarship|Doctor's degree - professional practice,City: Large,Yes,11797,5758,77%,NA,Fall 2009,"$32,063 ",-,127060,137100
University of Northern Colorado,"Carter Hall - Rm 4000, Greeley, Colorado 80639",www.unco.edu,"4-year, Public",Bachelor's degree|Master's degree|Doctor's degree - research/scholarship,City: Small,Yes,12216,9430,48%,18%,Fall 2009,"$12,779 ",-,127741,134900
Central Connecticut State University,"1615 Stanley St, New Britain, Connecticut 06050",www.ccsu.edu,"4-year, Public",Less than one year certificate|Bachelor's degree|Postbaccalaureate certificate|Master's degree|Post-master's certificate|Doctor's degree - research/scholarship|Doctor's degree - professional practice,Suburb: Large,Yes,12086,9933,57%,NA,Fall 2009,"$15,273 ",-,128771,137800
Quinnipiac University,"Mt Carmel Ave, Hamden, Connecticut 06518",www.quinnipiac.edu,"4-year, Private not-for-profit",Bachelor's degree|Postbaccalaureate certificate|Master's degree|Post-master's certificate|Doctor's degree - professional practice,Suburb: Large,Yes,9654,6982,76%,NA,Fall 2009,"$35,595 ",-,130226,140200
Sacred Heart University,"5151 Park Ave, Fairfield, Connecticut 06825-1000",www.sacredheart.edu,"4-year, Private not-for-profit",Less than one year certificate|Associate's degree|Bachelor's degree|Postbaccalaureate certificate|Master's degree|Post-master's certificate|Doctor's degree - professional practice,Suburb: Large,Yes,8235,5205,64%,NA,Fall 2009,"$38,313 ",-,130253,140300
Southern Connecticut State University,"501 Crescent Street, New Haven, Connecticut 06515-1355",www.southernct.edu,"4-year, Public",Bachelor's degree|Postbaccalaureate certificate|Master's degree|Post-master's certificate|Doctor's degree - research/scholarship,City: Midsize,Yes,10473,8106,52%,NA,Fall 2009,"$13,741 ",-,130493,140600
Trinity College,"300 Summit St, Hartford, Connecticut 06106-3100",www.trincoll.edu,"4-year, Private not-for-profit",Bachelor's degree|Master's degree,City: Midsize,Yes,2397,2289,86%,8%,Fall 2009,"$23,980 ",-,130590,141400
University of Connecticut,"352 Mansfield Road, Storrs, Connecticut 06269",uconn.edu/,"4-year, Public",Associate's degree|Bachelor's degree|Postbaccalaureate certificate|Master's degree|Post-master's certificate|Doctor's degree - research/scholarship|Doctor's degree - professional practice,Suburb: Large,Yes,27043,18826,83%,12%,Fall 2009,"$18,931 ",-,129020,141700
University of Hartford,"200 Bloomfield Ave, West Hartford, Connecticut 06117-1599",www.hartford.edu,"4-year, Private not-for-profit",Less than one year certificate|One but less than two years certificate|Associate's degree|Bachelor's degree|Postbaccalaureate certificate|Master's degree|Post-master's certificate|Doctor's degree - research/scholarship|Doctor's degree - professional practice,City: Midsize,Yes,6912,5246,56%,35%,Fall 2009,"$30,328 ",-,129525,142200
University of New Haven,"300 Boston Post Road, West Haven, Connecticut 06516-1916",www.newhaven.edu,"4-year, Private not-for-profit",Less than one year certificate|One but less than two years certificate|Associate's degree|Bachelor's degree|Postbaccalaureate certificate|Master's degree|Post-master's certificate|Doctor's degree - research/scholarship,Suburb: Large,Yes,6786,5002,54%,NA,Fall 2009,"$30,454 ",-,129941,139700
University of Saint Joseph,"1678 Asylum Avenue, West Hartford, Connecticut 06117",www.usj.edu,"4-year, Private not-for-profit",Less than one year certificate|Bachelor's degree|Postbaccalaureate certificate|Master's degree|Post-master's certificate|Doctor's degree - professional practice,City: Small,Yes,2553,960,55%,NA,Fall 2009,"$23,672 ",-,130314,140900
Wesleyan University,"237 High St, Middletown, Connecticut 06459",www.wesleyan.edu,"4-year, Private not-for-profit",Bachelor's degree|Postbaccalaureate certificate|Master's degree|Doctor's degree - research/scholarship,City: Small,Yes,3138,2897,94%,NA,Fall 2009,"$22,257 ",-,130697,142400
Western Connecticut State University,"181 White Street, Danbury, Connecticut 06810-6826",www.wcsu.edu,"4-year, Public",Associate's degree|Bachelor's degree|Postbaccalaureate certificate|Master's degree|Post-master's certificate|Doctor's degree - professional practice,City: Small,Yes,5826,5298,50%,20%,Fall 2009,"$16,926 ",-,130776,138000
Yale University,"Woodbridge Hall, New Haven, Connecticut 06520",www.yale.edu,"4-year, Private not-for-profit",Bachelor's degree|Postbaccalaureate certificate|Master's degree|Post-master's certificate|Doctor's degree - research/scholarship|Doctor's degree - professional practice|Doctor's degree - other,City: Midsize,Yes,12385,5532,97%,NA,Fall 2009,"$18,164 ",-,130794,142600
University of Hawaii at Manoa,"2500 Campus Road, Honolulu, Hawaii 96822-2217",www.manoa.hawaii.edu,"4-year, Public",Bachelor's degree|Postbaccalaureate certificate|Master's degree|Doctor's degree - research/scholarship|Doctor's degree - professional practice,City: Large,Yes,18865,13689,57%,NA,Fall 2009,"$12,721 ",-,141574,161000
Benedictine University,"5700 College Rd, Lisle, Illinois 60532-0900",www.ben.edu,"4-year, Private not-for-profit",Less than one year certificate|Associate's degree|Bachelor's degree|Postbaccalaureate certificate|Master's degree|Doctor's degree - research/scholarship,Suburb: Large,Yes,5954,3347,53%,2%,Fall 2009,"$20,931 ",-,145619,176700
Bradley University,"1501 W Bradley Ave, Peoria, Illinois 61625-0001",www.bradley.edu,"4-year, Private not-for-profit",Bachelor's degree|Postbaccalaureate certificate|Master's degree|Post-master's certificate|Doctor's degree - professional practice,City: Midsize,Yes,5338,4439,74%,NA,Fall 2009,"$27,211 ",-,143358,164100
Chicago State University,"9501 S. King Drive, Chicago, Illinois 60628-1598",www.csu.edu,"4-year, Public",Bachelor's degree|Postbaccalaureate certificate|Master's degree|Doctor's degree - research/scholarship|Doctor's degree - professional practice,City: Large,Yes,4767,3462,11%,54%,Fall 2009,"$10,793 ",-,144005,169400
DePaul University,"1 E Jackson Blvd, Chicago, Illinois 60604",www.depaul.edu,"4-year, Private not-for-profit",Less than one year certificate|One but less than two years certificate|Bachelor's degree|Master's degree|Post-master's certificate|Doctor's degree - research/scholarship|Doctor's degree - professional practice,City: Large,Yes,23539,15961,73%,NA,Fall 2009,"$30,676 ",-,144740,167100
Eastern Illinois University,"600 Lincoln Avenue, Charleston, Illinois 61920",https://www.eiu.edu/,"4-year, Public",Bachelor's degree|Postbaccalaureate certificate|Master's degree|Post-master's certificate,Town: Distant,Yes,8520,7202,58%,32%,Fall 2009,"$15,549 ",-,144892,167400
Governors State University,"1 University Pky, University Park, Illinois 60484",www.govst.edu/,"4-year, Public",Bachelor's degree|Postbaccalaureate certificate|Master's degree|Post-master's certificate|Doctor's degree - research/scholarship|Doctor's degree - professional practice|Doctor's degree - other,Rural: Fringe,Yes,5938,3570,NA,NA,Fall 2009,"$15,146 ",-,145336,914500
Illinois Institute of Technology,"10 West 35th Street, Chicago, Illinois 60616",www.iit.edu,"4-year, Private not-for-profit",Bachelor's degree|Master's degree|Doctor's degree - research/scholarship|Doctor's degree - professional practice,City: Large,Yes,7792,2989,73%,11%,Fall 2009,"$23,371 ",-,145725,169100
Illinois State University,"North and School Streets, Normal, Illinois 61790-1000",illinoisstate.edu/,"4-year, Public",Bachelor's degree|Postbaccalaureate certificate|Master's degree|Post-master's certificate|Doctor's degree - research/scholarship|Doctor's degree - professional practice,Suburb: Midsize,Yes,20760,18426,73%,NA,Fall 2009,"$17,509 ",-,145813,169200
Lewis University,"One University Parkway, Romeoville, Illinois 60446-2200",www.lewisu.edu,"4-year, Private not-for-profit",One but less than two years certificate|Associate's degree|Bachelor's degree|Postbaccalaureate certificate|Master's degree|Post-master's certificate|Doctor's degree - research/scholarship|Doctor's degree - other,Suburb: Large,Yes,6679,4652,66%,NA,Fall 2009,"$19,986 ",-,146612,170700
Loyola University Chicago,"1032 W. Sheridan Rd, Chicago, Illinois 60660",www.luc.edu,"4-year, Private not-for-profit",Less than one year certificate|One but less than two years certificate|Associate's degree|Bachelor's degree|Postbaccalaureate certificate|Master's degree|Post-master's certificate|Doctor's degree - research/scholarship|Doctor's degree - professional practice,City: Large,Yes,16437,11079,74%,NA,Fall 2009,"$32,108 ",-,146719,171000
Midwestern University-Downers Grove,"555 31st Street, Downers Grove, Illinois 60515-5514",www.midwestern.edu,"4-year, Private not-for-profit",Master's degree|Doctor's degree - professional practice|Doctor's degree - other,Suburb: Large,Yes,2932,,NA,NA,Fall 2009,NA,-,143853,165700
Northeastern Illinois University,"5500 N Saint Louis Ave, Chicago, Illinois 60625-4699",www.neiu.edu/,"4-year, Public",Bachelor's degree|Master's degree,City: Large,Yes,9891,8095,22%,35%,Fall 2009,"$15,413 ",-,147776,169300
Northern Illinois University,"1425 W. Lincoln Hwy., Dekalb, Illinois 60115-2828",www.niu.edu,"4-year, Public",Bachelor's degree|Master's degree|Post-master's certificate|Doctor's degree - research/scholarship|Doctor's degree - professional practice,Suburb: Small,Yes,20130,15027,50%,NA,Fall 2009,"$19,205 ",-,147703,173700
Northwestern University,"633 Clark St, Evanston, Illinois 60208",www.northwestern.edu,"4-year, Private not-for-profit",One but less than two years certificate|Bachelor's degree|Postbaccalaureate certificate|Master's degree|Post-master's certificate|Doctor's degree - research/scholarship|Doctor's degree - professional practice,City: Small,Yes,21655,8839,93%,NA,Fall 2009,"$30,552 ",-,147767,173900
Roosevelt University,"430 S Michigan Ave, Chicago, Illinois 60605-1394",www.roosevelt.edu,"4-year, Private not-for-profit",Less than one year certificate|Bachelor's degree|Postbaccalaureate certificate|Master's degree|Doctor's degree - research/scholarship|Doctor's degree - professional practice,City: Large,Yes,5352,3239,37%,NA,Fall 2009,"$23,274 ",-,148487,174900
Rosalind Franklin University of Medicine and Science,"3333 Green Bay Road, North Chicago, Illinois 60064-3095",www.rosalindfranklin.edu/,"4-year, Private not-for-profit",Postbaccalaureate certificate|Master's degree|Doctor's degree - research/scholarship|Doctor's degree - professional practice,Suburb: Large,Yes,2214,,NA,NA,Fall 2009,NA,-,145558,165900
Rush University,"600 S. Paulina St. STE 440, Chicago, Illinois 60612",WWW.RUSHU.RUSH.EDU,"4-year, Private not-for-profit",Bachelor's degree|Postbaccalaureate certificate|Master's degree|Post-master's certificate|Doctor's degree - research/scholarship|Doctor's degree - professional practice,City: Large,No,2515,134,NA,NA,Fall 2009,NA,-,148511,980000
Southern Illinois University-Carbondale,"Lincoln Drive, Carbondale, Illinois 62901-4512",www.siu.edu,"4-year, Public",Associate's degree|Bachelor's degree|Postbaccalaureate certificate|Master's degree|Doctor's degree - research/scholarship|Doctor's degree - professional practice,City: Small,Yes,17292,13031,45%,10%,Fall 2009,"$15,595 ",-,149222,175800
Southern Illinois University-Edwardsville,"Il State Rte 157, Edwardsville, Illinois 62026-1259",www.siue.edu,"4-year, Public",Bachelor's degree|Postbaccalaureate certificate|Master's degree|Post-master's certificate|Doctor's degree - research/scholarship|Doctor's degree - professional practice|Doctor's degree - other,Suburb: Large,Yes,14265,11781,49%,37%,Fall 2009,"$15,859 ",-,149231,175900
University of Chicago,"5801 S Ellis Ave, Chicago, Illinois 60637",WWW.UCHICAGO.EDU,"4-year, Private not-for-profit",Bachelor's degree|Master's degree|Post-master's certificate|Doctor's degree - research/scholarship|Doctor's degree - professional practice,City: Large,Yes,15391,5883,92%,NA,Fall 2009,"$33,107 ",-,144050,177400
University of Illinois at Chicago,"601 S Morgan, Chicago, Illinois 60607",www.uic.edu,"4-year, Public",Bachelor's degree|Postbaccalaureate certificate|Master's degree|Post-master's certificate|Doctor's degree - research/scholarship|Doctor's degree - professional practice,City: Large,Yes,29048,17575,60%,30%,Fall 2009,"$11,494 ",-,145600,177600
University of Illinois at Springfield,"One University Plaza, Springfield, Illinois 62703-5407",www.uis.edu,"4-year, Public",Bachelor's degree|Postbaccalaureate certificate|Master's degree|Post-master's certificate|Doctor's degree - research/scholarship,City: Midsize,Yes,5402,2937,48%,NA,Fall 2009,"$12,308 ",-,148654,933300
University of Illinois at Urbana-Champaign,"601 E John Street, Champaign, Illinois 61820-5711",www.illinois.edu/,"4-year, Public",Bachelor's degree|Master's degree|Post-master's certificate|Doctor's degree - research/scholarship|Doctor's degree - professional practice,City: Small,Yes,45842,33368,85%,NA,Fall 2009,"$16,841 ",-,145637,177500
Western Illinois University,"1 University Circle, Macomb, Illinois 61455",www.wiu.edu,"4-year, Public",Bachelor's degree|Postbaccalaureate certificate|Master's degree|Doctor's degree - research/scholarship,Town: Remote,Yes,11094,9141,53%,34%,Fall 2009,"$16,412 ",-,149772,178000
University of Maine,"168 College Avenue, Orono, Maine 04469",www.umaine.edu/,"4-year, Public",Bachelor's degree|Postbaccalaureate certificate|Master's degree|Post-master's certificate|Doctor's degree - research/scholarship,Suburb: Small,Yes,10922,9297,55%,26%,Fall 2009,"$15,958 ",-,161253,205300
University of New England,"11 Hills Beach Rd, Biddeford, Maine 04005-9599",www.une.edu/,"4-year, Private not-for-profit",Bachelor's degree|Postbaccalaureate certificate|Master's degree|Post-master's certificate|Doctor's degree - research/scholarship|Doctor's degree - professional practice,Suburb: Midsize,Yes,7794,3800,65%,NA,Fall 2009,"$32,175 ",-,161457,205000
University of Southern Maine,"96 Falmouth St, Portland, Maine 04103",www.usm.maine.edu,"4-year, Public",Less than one year certificate|Bachelor's degree|Postbaccalaureate certificate|Master's degree|Post-master's certificate|Doctor's degree - research/scholarship|Doctor's degree - professional practice,City: Small,Yes,7739,6126,33%,38%,Fall 2009,"$16,238 ",-,161554,205400
Frostburg State University,"101 Braddock Road, Frostburg, Maryland 21532-1099",www.frostburg.edu,"4-year, Public",Bachelor's degree|Master's degree|Doctor's degree - research/scholarship,Suburb: Small,Yes,5756,4961,51%,29%,Fall 2009,"$13,019 ",-,162584,207200
Hood College,"401 Rosemont Ave, Frederick, Maryland 21701",www.hood.edu,"4-year, Private not-for-profit",Less than one year certificate|Bachelor's degree|Postbaccalaureate certificate|Master's degree|Doctor's degree - professional practice,City: Small,Yes,2289,1278,63%,31%,Fall 2009,"$24,373 ",-,162760,207600
Johns Hopkins University,"3400 N Charles St, Baltimore, Maryland 21218-2688",www.jhu.edu,"4-year, Private not-for-profit",Two but less than 4 years certificate|Bachelor's degree|Postbaccalaureate certificate|Master's degree|Post-master's certificate|Doctor's degree - research/scholarship|Doctor's degree - professional practice,City: Large,Yes,22686,6427,94%,2%,Fall 2009,"$28,334 ",-,162928,207700
Morgan State University,"1700 East Cold Spring Lane, Baltimore, Maryland 21251-0001",www.morgan.edu,"4-year, Public",Bachelor's degree|Postbaccalaureate certificate|Master's degree|Doctor's degree - research/scholarship,City: Large,Yes,7725,6319,30%,17%,Fall 2009,"$15,407 ",-,163453,208300
Mount St Mary's University,"16300 Old Emmitsburg Road, Emmitsburg, Maryland 21727-7799",www.msmary.edu,"4-year, Private not-for-profit",Bachelor's degree|Postbaccalaureate certificate|Master's degree|Post-master's certificate,Town: Fringe,Yes,2257,1795,69%,28%,Fall 2009,"$29,409 ",-,163462,208600
Salisbury University,"1101 Camden Ave, Salisbury, Maryland 21801-6862",www.salisbury.edu,"4-year, Public",Bachelor's degree|Postbaccalaureate certificate|Master's degree|Doctor's degree - research/scholarship|Doctor's degree - professional practice,Suburb: Small,Yes,8671,7849,67%,27%,Fall 2009,"$17,495 ",-,163851,209100
Towson University,"8000 York Rd, Towson, Maryland 21252-0001",www.towson.edu,"4-year, Public",Bachelor's degree|Postbaccalaureate certificate|Master's degree|Post-master's certificate|Doctor's degree - research/scholarship|Doctor's degree - professional practice,City: Small,Yes,22284,19049,70%,21%,Fall 2009,"$14,696 ",-,164076,209900
University of Maryland Eastern Shore,"J.T. Williams Hall, Princess Anne, Maryland 21853-1299",www.umes.edu,"4-year, Public",One but less than two years certificate|Bachelor's degree|Master's degree|Doctor's degree - research/scholarship|Doctor's degree - professional practice,Town: Fringe,Yes,4465,3742,33%,25%,Fall 2009,"$13,839 ",-,163338,210600
"University of Maryland, Baltimore","620 West Lexington St, Baltimore, Maryland 21201-1627",www.umaryland.edu,"4-year, Public",Bachelor's degree|Postbaccalaureate certificate|Master's degree|Post-master's certificate|Doctor's degree - research/scholarship|Doctor's degree - professional practice,City: Large,Yes,6329,866,NA,NA,Fall 2009,NA,-,163259,210400
University of Maryland-Baltimore County,"1000 Hilltop Circle, Baltimore, Maryland 21250",umbc.edu,"4-year, Public",Bachelor's degree|Postbaccalaureate certificate|Master's degree|Doctor's degree - research/scholarship,Suburb: Large,Yes,13839,11243,63%,22%,Fall 2009,"$14,741 ",-,163268,210500
University of Maryland-College Park," , College Park, Maryland 20742",www.umd.edu,"4-year, Public",Two but less than 4 years certificate|Bachelor's degree|Postbaccalaureate certificate|Master's degree|Post-master's certificate|Doctor's degree - research/scholarship|Doctor's degree - professional practice,Suburb: Large,Yes,38140,27443,86%,4%,Fall 2009,"$14,697 ",-,163286,210300
University of Maryland-University College,"3501 University Blvd East, Adelphi, Maryland 20783-8010",www.umuc.edu,"4-year, Public",Associate's degree|Two but less than 4 years certificate|Bachelor's degree|Postbaccalaureate certificate|Master's degree|Doctor's degree - professional practice,Suburb: Large,No,50248,37355,8%,22%,Fall 2009,"$12,429 ",-,163204,1164400
Boston College,"140 Commonwealth Avenue, Chestnut Hill, Massachusetts 02467",www.bc.edu,"4-year, Private not-for-profit",Bachelor's degree|Master's degree|Post-master's certificate|Doctor's degree - research/scholarship|Doctor's degree - professional practice,City: Small,Yes,14354,9796,92%,6%,Fall 2009,"$26,284 ",-,164924,212800
Boston University,"One Silber Way, Boston, Massachusetts 02215",www.bu.edu,"4-year, Private not-for-profit",Less than one year certificate|One but less than two years certificate|Two but less than 4 years certificate|Bachelor's degree|Postbaccalaureate certificate|Master's degree|Post-master's certificate|Doctor's degree - research/scholarship|Doctor's degree - professional practice,City: Large,Yes,32158,17932,85%,NA,Fall 2009,"$32,732 ",-,164988,213000
Brandeis University,"415 South St, Waltham, Massachusetts 02454-9110",www.brandeis.edu/,"4-year, Private not-for-profit",Bachelor's degree|Master's degree|Doctor's degree - research/scholarship,City: Small,Yes,5752,3621,86%,8%,Fall 2009,"$30,383 ",-,165015,213300
Clark University,"950 Main St, Worcester, Massachusetts 01610-1477",www.clarku.edu,"4-year, Private not-for-profit",Less than one year certificate|Bachelor's degree|Postbaccalaureate certificate|Master's degree|Post-master's certificate|Doctor's degree - research/scholarship,City: Midsize,Yes,3485,2394,83%,NA,Fall 2009,"$25,982 ",-,165334,213900
Fitchburg State University,"160 Pearl St, Fitchburg, Massachusetts 01420-2697",www.fitchburgstate.edu,"4-year, Public",Less than one year certificate|One but less than two years certificate|Bachelor's degree|Postbaccalaureate certificate|Master's degree|Post-master's certificate,Suburb: Midsize,Yes,6598,4270,53%,NA,Fall 2009,"$12,833 ",-,165820,218400
Harvard University,"Massachusetts Hall, Cambridge, Massachusetts 02138",www.harvard.edu,"4-year, Private not-for-profit",Associate's degree|Bachelor's degree|Postbaccalaureate certificate|Master's degree|Post-master's certificate|Doctor's degree - research/scholarship|Doctor's degree - professional practice,City: Midsize,Yes,29652,10255,98%,NA,Fall 2009,"$15,742 ",-,166027,215500
Lesley University,"29 Everett St, Cambridge, Massachusetts 02138-2790",www.lesley.edu,"4-year, Private not-for-profit",Associate's degree|Two but less than 4 years certificate|Bachelor's degree|Postbaccalaureate certificate|Master's degree|Post-master's certificate|Doctor's degree - research/scholarship,City: Midsize,Yes,5067,1982,54%,34%,Fall 2009,"$30,940 ",-,166452,216000
Massachusetts Institute of Technology,"77 Massachusetts Avenue, Cambridge, Massachusetts 02139-4307",web.mit.edu/student/,"4-year, Private not-for-profit",Bachelor's degree|Master's degree|Doctor's degree - research/scholarship,City: Midsize,Yes,11331,4527,92%,NA,Fall 2009,"$21,691 ",-,166683,217800
MCPHS University,"179 Longwood Ave, Boston, Massachusetts 02115-5896",www.mcphs.edu,"4-year, Private not-for-profit",Less than one year certificate|Bachelor's degree|Postbaccalaureate certificate|Master's degree|Post-master's certificate|Doctor's degree - research/scholarship|Doctor's degree - professional practice,City: Large,Yes,7074,3947,72%,9%,Fall 2009,"$36,043 ",-,166656,216500
New England College of Optometry,"424 Beacon St, Boston, Massachusetts 02115",www.neco.edu,"4-year, Private not-for-profit",Master's degree|Post-master's certificate|Doctor's degree - professional practice,City: Large,No,511,,NA,NA,Fall 2009,NA,-,167093,216400
Northeastern University,"360 Huntington Ave, Boston, Massachusetts 02115-5005",www.northeastern.edu,"4-year, Private not-for-profit",Bachelor's degree|Master's degree|Post-master's certificate|Doctor's degree - research/scholarship|Doctor's degree - professional practice|Doctor's degree - other,City: Large,Yes,19940,13697,84%,NA,Fall 2009,"$29,779 ",-,167358,219900
Northeastern University Professional Advancement Network,"360 Huntington Ave, Boston, Massachusetts 02115",www.northeastern.edu/globalnetwork,"4-year, Private not-for-profit",Associate's degree|Bachelor's degree|Master's degree|Post-master's certificate|Doctor's degree - professional practice|Doctor's degree - other,City: Large,No,10479,3491,NA,NA,Fall 2009,NA,-,482705,219900
Regis College,"235 Wellesley St, Weston, Massachusetts 02493-1571",www.regiscollege.edu,"4-year, Private not-for-profit",Associate's degree|Bachelor's degree|Postbaccalaureate certificate|Master's degree|Post-master's certificate|Doctor's degree - professional practice,Suburb: Large,Yes,1954,1235,48%,NA,Fall 2009,"$26,560 ",-,167598,220600
Salem State University,"352 Lafayette St, Salem, Massachusetts 01970",www.salemstate.edu,"4-year, Public",Bachelor's degree|Postbaccalaureate certificate|Master's degree|Post-master's certificate,Suburb: Large,Yes,9215,7499,50%,NA,Fall 2009,"$15,588 ",-,167729,218800
Simmons College,"300 The Fenway, Boston, Massachusetts 02115-5898",www.simmons.edu,"4-year, Private not-for-profit",Bachelor's degree|Postbaccalaureate certificate|Master's degree|Post-master's certificate|Doctor's degree - research/scholarship|Doctor's degree - professional practice,City: Large,Yes,5662,1743,74%,11%,Fall 2009,"$30,232 ",-,167783,220800
Smith College,"Elm St, Northampton, Massachusetts 01063",www.smith.edu,"4-year, Private not-for-profit",Bachelor's degree|Postbaccalaureate certificate|Master's degree|Post-master's certificate|Doctor's degree - research/scholarship,Suburb: Large,Yes,2874,2478,87%,NA,Fall 2009,"$26,318 ",-,167835,220900
Suffolk University,"8 Ashburton Place, Boston, Massachusetts 02108-2770",www.suffolk.edu,"4-year, Private not-for-profit",Less than one year certificate|One but less than two years certificate|Associate's degree|Two but less than 4 years certificate|Bachelor's degree|Postbaccalaureate certificate|Master's degree|Post-master's certificate|Doctor's degree - research/scholarship|Doctor's degree - professional practice,City: Large,Yes,7922,5441,57%,NA,Fall 2009,"$31,390 ",-,168005,221800
Tufts University," , Medford, Massachusetts 02155-5555",www.tufts.edu,"4-year, Private not-for-profit",Bachelor's degree|Postbaccalaureate certificate|Master's degree|Post-master's certificate|Doctor's degree - research/scholarship|Doctor's degree - professional practice,Suburb: Large,Yes,11137,5290,93%,3%,Fall 2009,"$26,976 ",-,168148,221900
University of Massachusetts Medical School Worcester,"55 Lake Ave North, Worcester, Massachusetts 01655",www.umassmed.edu,"4-year, Public",Master's degree|Post-master's certificate|Doctor's degree - research/scholarship|Doctor's degree - professional practice,City: Midsize,No,1079,,NA,NA,Fall 2009,NA,-,166708,975600
University of Massachusetts-Amherst,"374 Whitmore Building 181 Presidents Drive, Amherst, Massachusetts 01003",www.umass.edu,"4-year, Public",Less than one year certificate|Associate's degree|Bachelor's degree|Postbaccalaureate certificate|Master's degree|Doctor's degree - research/scholarship|Doctor's degree - professional practice,Suburb: Large,Yes,29269,22748,78%,16%,Fall 2009,"$19,109 ",-,166629,222100
University of Massachusetts-Boston,"100 Morrissey Boulevard, Boston, Massachusetts 02125-3393",www.umb.edu,"4-year, Public",Less than one year certificate|Bachelor's degree|Postbaccalaureate certificate|Master's degree|Post-master's certificate|Doctor's degree - research/scholarship|Doctor's degree - professional practice,City: Large,No,17030,12949,42%,36%,Fall 2009,"$10,980 ",-,166638,222200
University of Massachusetts-Dartmouth,"285 Old Westport Rd, North Dartmouth, Massachusetts 02747-2300",www.umassd.edu,"4-year, Public",Less than one year certificate|One but less than two years certificate|Bachelor's degree|Postbaccalaureate certificate|Master's degree|Post-master's certificate|Doctor's degree - research/scholarship|Doctor's degree - professional practice,Suburb: Midsize,Yes,8916,7295,46%,NA,Fall 2009,"$15,489 ",-,167987,221000
University of Massachusetts-Lowell,"1 University Ave, Lowell, Massachusetts 01854-5104",www.uml.edu,"4-year, Public",Less than one year certificate|Associate's degree|Bachelor's degree|Postbaccalaureate certificate|Master's degree|Post-master's certificate|Doctor's degree - research/scholarship|Doctor's degree - professional practice,Suburb: Large,Yes,18047,13863,56%,NA,Fall 2009,"$17,035 ",-,166513,216100
Westfield State University,"577 Western Ave, Westfield, Massachusetts 01086-1630",www.westfield.ma.edu,"4-year, Public",Bachelor's degree|Postbaccalaureate certificate|Master's degree|Post-master's certificate,Suburb: Large,Yes,6496,5636,63%,29%,Fall 2009,"$15,203 ",-,168263,218900
Worcester Polytechnic Institute,"100 Institute Road, Worcester, Massachusetts 01609-2280",www.wpi.edu,"4-year, Private not-for-profit",Bachelor's degree|Master's degree|Doctor's degree - research/scholarship,City: Midsize,Yes,6573,4299,85%,NA,Fall 2009,"$39,011 ",-,168421,223300
Worcester State University,"486 Chandler St, Worcester, Massachusetts 01602-2597",www.worcester.edu,"4-year, Public",Bachelor's degree|Postbaccalaureate certificate|Master's degree|Post-master's certificate,City: Midsize,Yes,6306,5514,51%,27%,Fall 2009,"$14,275 ",-,168430,219000
Andrews University,"4150 Administration Drive, Room 136, Berrien Springs, Michigan 49104",www.andrews.edu,"4-year, Private not-for-profit",Associate's degree|Bachelor's degree|Postbaccalaureate certificate|Master's degree|Post-master's certificate|Doctor's degree - research/scholarship|Doctor's degree - other,Town: Fringe,Yes,3366,1733,54%,27%,Fall 2009,"$23,491 ",-,168740,223800
Central Michigan University,"106 Warriner Hall, Mount Pleasant, Michigan 48859",www.cmich.edu,"4-year, Public",Bachelor's degree|Postbaccalaureate certificate|Master's degree|Post-master's certificate|Doctor's degree - research/scholarship|Doctor's degree - professional practice,Town: Distant,Yes,26825,20415,59%,NA,Fall 2009,"$14,204 ",-,169248,224300
Eastern Michigan University,"202 Welch Hall, Ypsilanti, Michigan 48197",www.emich.edu,"4-year, Public",Bachelor's degree|Postbaccalaureate certificate|Master's degree|Post-master's certificate|Doctor's degree - research/scholarship,Suburb: Large,Yes,21824,17951,40%,NA,Fall 2009,"$12,782 ",-,169798,225900
Grand Valley State University,"1 Campus Dr, Allendale, Michigan 49401-9403",www.gvsu.edu,"4-year, Public",Bachelor's degree|Postbaccalaureate certificate|Master's degree|Post-master's certificate|Doctor's degree - professional practice,Suburb: Large,Yes,25325,21972,67%,11%,Fall 2009,"$15,752 ",-,170082,226800
Michigan State University," , East Lansing, Michigan 48824-1046",https://www.msu.edu,"4-year, Public",One but less than two years certificate|Bachelor's degree|Postbaccalaureate certificate|Master's degree|Post-master's certificate|Doctor's degree - research/scholarship|Doctor's degree - professional practice,City: Small,Yes,50538,39143,77%,13%,Fall 2009,"$14,601 ",-,171100,229000
Michigan Technological University,"1400 Townsend Drive, Houghton, Michigan 49931-1295",www.mtu.edu,"4-year, Public",Less than one year certificate|Associate's degree|Bachelor's degree|Postbaccalaureate certificate|Master's degree|Doctor's degree - research/scholarship,Town: Remote,Yes,7218,5697,65%,22%,Fall 2009,"$16,631 ",-,171128,229200
Northern Michigan University,"1401 Presque Isle Avenue, Marquette, Michigan 49855",www.nmu.edu,"4-year, Public",Less than one year certificate|One but less than two years certificate|Associate's degree|Two but less than 4 years certificate|Bachelor's degree|Postbaccalaureate certificate|Master's degree|Post-master's certificate|Doctor's degree - professional practice,Town: Remote,Yes,8303,7507,48%,NA,Fall 2009,"$12,703 ",-,171456,230100
Oakland University,"2200 North Squirrel Road, Rochester Hills, Michigan 48309-4401",www.oakland.edu,"4-year, Public",Bachelor's degree|Postbaccalaureate certificate|Master's degree|Post-master's certificate|Doctor's degree - research/scholarship|Doctor's degree - professional practice,Suburb: Large,Yes,20261,16793,44%,11%,Fall 2009,"$11,145 ",-,171571,230700
University of Detroit Mercy,"4001 W McNichols Rd, Detroit, Michigan 48221-3038",www.udmercy.edu,"4-year, Private not-for-profit",Less than one year certificate|Two but less than 4 years certificate|Bachelor's degree|Postbaccalaureate certificate|Master's degree|Post-master's certificate|Doctor's degree - research/scholarship|Doctor's degree - professional practice,City: Large,Yes,4920,2672,63%,NA,Fall 2009,"$23,223 ",-,169716,232300
University of Michigan-Ann Arbor,"503 Thompson Street, Ann Arbor, Michigan 48109",www.umich.edu,"4-year, Public",Bachelor's degree|Postbaccalaureate certificate|Master's degree|Post-master's certificate|Doctor's degree - research/scholarship|Doctor's degree - professional practice,City: Midsize,Yes,43651,28312,90%,NA,Fall 2009,"$15,757 ",-,170976,232500
University of Michigan-Flint,"303 E. Kearsley Street, Flint, Michigan 48502-1950",www.umflint.edu,"4-year, Public",Bachelor's degree|Postbaccalaureate certificate|Master's degree|Post-master's certificate|Doctor's degree - research/scholarship|Doctor's degree - professional practice,City: Midsize,Yes,8470,6868,38%,NA,Fall 2009,"$12,175 ",-,171146,232700
Wayne State University,"656 West Kirby Street, Detroit, Michigan 48202",www.wayne.edu,"4-year, Public",Two but less than 4 years certificate|Bachelor's degree|Postbaccalaureate certificate|Master's degree|Post-master's certificate|Doctor's degree - research/scholarship|Doctor's degree - professional practice,City: Large,Yes,27140,17587,35%,38%,Fall 2009,"$13,131 ",-,172644,232900
Western Michigan University,"1903 West Michigan Avenue, Kalamazoo, Michigan 49008-5200",https://wmich.edu/,"4-year, Public",Less than one year certificate|Bachelor's degree|Postbaccalaureate certificate|Master's degree|Post-master's certificate|Doctor's degree - research/scholarship|Doctor's degree - professional practice,City: Small,Yes,23529,18567,54%,30%,Fall 2009,"$15,358 ",-,172699,233000
Bemidji State University,"1500 Birchmont Dr, Bemidji, Minnesota 56601",www.bemidjistate.edu,"4-year, Public",Less than one year certificate|One but less than two years certificate|Associate's degree|Bachelor's degree|Postbaccalaureate certificate|Master's degree,Town: Remote,Yes,5081,4791,46%,35%,Fall 2009,"$13,798 ",-,173124,233600
Mayo Clinic Graduate School of Biomedical Sciences,"200 1st St SW, Rochester, Minnesota 55905",www.mayo.edu/education,"4-year, Private not-for-profit",Master's degree|Doctor's degree - research/scholarship,City: Midsize,No,276,,NA,NA,Fall 2009,NA,-,365426,1173206
Minnesota State University-Mankato,"South Rd and Ellis Ave, Mankato, Minnesota 56001",www.mnsu.edu,"4-year, Public",Less than one year certificate|One but less than two years certificate|Associate's degree|Bachelor's degree|Postbaccalaureate certificate|Master's degree|Post-master's certificate|Doctor's degree - research/scholarship|Doctor's degree - other,City: Small,Yes,15313,13269,49%,35%,Fall 2009,"$13,515 ",-,173920,236000
Saint Cloud State University,"720 Fourth Ave. South, Saint Cloud, Minnesota 56301-4498",www.stcloudstate.edu,"4-year, Public",Less than one year certificate|One but less than two years certificate|Associate's degree|Bachelor's degree|Postbaccalaureate certificate|Master's degree|Post-master's certificate|Doctor's degree - research/scholarship,City: Small,Yes,16096,14233,42%,36%,Fall 2009,"$12,935 ",-,174783,237700
The College of Saint Scholastica,"1200 Kenwood Ave, Duluth, Minnesota 55811-4199",www.css.edu,"4-year, Private not-for-profit",Less than one year certificate|One but less than two years certificate|Bachelor's degree|Postbaccalaureate certificate|Master's degree|Post-master's certificate|Doctor's degree - professional practice,City: Small,Yes,4329,2817,70%,NA,Fall 2009,"$22,719 ",-,174899,234300
University of Minnesota-Duluth,"515 Darland Administration Bldg, Duluth, Minnesota 55812",www.d.umn.edu/,"4-year, Public",Less than one year certificate|One but less than two years certificate|Bachelor's degree|Postbaccalaureate certificate|Master's degree|Doctor's degree - research/scholarship|Doctor's degree - professional practice,City: Small,Yes,10878,9837,60%,31%,Fall 2009,"$15,653 ",-,174233,238800
University of Minnesota-Twin Cities,"100 Church Street SE, Minneapolis, Minnesota 55455-0213",twin-cities.umn.edu/,"4-year, Public",Less than one year certificate|One but less than two years certificate|Two but less than 4 years certificate|Bachelor's degree|Postbaccalaureate certificate|Master's degree|Doctor's degree - research/scholarship|Doctor's degree - professional practice,City: Large,Yes,50678,34071,77%,14%,Fall 2009,"$15,371 ",-,174066,396900
Dartmouth College,"207 Parkhurst Hall, Hanover, New Hampshire 03755-3529",www.dartmouth.edu,"4-year, Private not-for-profit",Bachelor's degree|Master's degree|Doctor's degree - research/scholarship|Doctor's degree - professional practice,Town: Remote,Yes,6350,4307,94%,NA,Fall 2009,"$21,348 ",-,182670,257300
Plymouth State University,"17 High Street, Plymouth, New Hampshire 03264-1595",www.plymouth.edu,"4-year, Public",Less than one year certificate|Bachelor's degree|Postbaccalaureate certificate|Master's degree|Post-master's certificate|Doctor's degree - research/scholarship,Town: Remote,Yes,5120,4070,58%,NA,Fall 2009,"$21,473 ",-,183080,259100
University of New Hampshire-Main Campus,"105 Main St., Thompson Hall, Durham, New Hampshire 03824-3547",www.unh.edu,"4-year, Public",Associate's degree|Bachelor's degree|Postbaccalaureate certificate|Master's degree|Post-master's certificate|Doctor's degree - research/scholarship|Doctor's degree - professional practice,Suburb: Small,Yes,15351,13030,79%,NA,Fall 2009,"$21,995 ",-,183044,258900
Adelphi University,"South Ave, Garden City, New York 11530-0701",www.adelphi.edu/,"4-year, Private not-for-profit",One but less than two years certificate|Associate's degree|Bachelor's degree|Postbaccalaureate certificate|Master's degree|Post-master's certificate|Doctor's degree - research/scholarship|Doctor's degree - professional practice,Suburb: Large,Yes,7256,4852,67%,23%,Fall 2009,"$28,045 ",-,188429,266600
Albany Medical College,"47 New Scotland Ave, Albany, New York 12208-3479",www.amc.edu,"4-year, Private not-for-profit",Master's degree|Doctor's degree - research/scholarship|Doctor's degree - professional practice|Doctor's degree - other,City: Small,No,822,,NA,NA,Fall 2009,NA,-,188580,288700
Canisius College,"2001 Main St, Buffalo, New York 14208-1098",WWW.Canisius.edu,"4-year, Private not-for-profit",Less than one year certificate|Associate's degree|Bachelor's degree|Postbaccalaureate certificate|Master's degree|Post-master's certificate,City: Large,Yes,3900,2671,70%,NA,Fall 2009,"$19,754 ",-,189705,268100
Clarkson University,"8 Clarkson Ave, Potsdam, New York 13699",www.clarkson.edu,"4-year, Private not-for-profit",Bachelor's degree|Master's degree|Doctor's degree - research/scholarship|Doctor's degree - professional practice,Town: Remote,Yes,3910,3257,72%,20%,Fall 2009,"$29,666 ",-,190044,269900
College of Staten Island CUNY,"2800 Victory Blvd, Staten Island, New York 10314",www.csi.cuny.edu,"4-year, Public",Less than one year certificate|Associate's degree|Bachelor's degree|Postbaccalaureate certificate|Master's degree|Post-master's certificate|Doctor's degree - professional practice,City: Large,Yes,13701,12725,26%,31%,Fall 2009,"$10,534 ",-,190558,269800
Columbia University in the City of New York,"West 116 St and Broadway, New York, New York 10027",www.columbia.edu,"4-year, Private not-for-profit",Bachelor's degree|Postbaccalaureate certificate|Master's degree|Post-master's certificate|Doctor's degree - research/scholarship|Doctor's degree - professional practice,City: Large,Yes,28086,8102,95%,NA,Fall 2009,"$17,678 ",-,190150,270700
Cornell University,"300 Day Hall, Ithaca, New York 14853",www.cornell.edu,"4-year, Private not-for-profit",Bachelor's degree|Master's degree|Doctor's degree - research/scholarship|Doctor's degree - professional practice,City: Small,Yes,21904,14315,93%,NA,Fall 2009,"$28,656 ",-,190415,271100
CUNY Brooklyn College,"2900 Bedford Ave, Brooklyn, New York 11210",www.brooklyn.cuny.edu,"4-year, Public",Less than one year certificate|One but less than two years certificate|Bachelor's degree|Postbaccalaureate certificate|Master's degree|Post-master's certificate,City: Large,No,17410,14207,54%,24%,Fall 2009,"$9,053 ",-,190549,268700
CUNY City College,"160 Convent Ave, New York, New York 10031",www.ccny.cuny.edu,"4-year, Public",Bachelor's degree|Postbaccalaureate certificate|Master's degree|Post-master's certificate|Doctor's degree - research/scholarship,City: Large,Yes,15778,13201,44%,31%,Fall 2009,"$7,696 ",-,190567,268800
CUNY Graduate School and University Center,"365 Fifth Ave, New York, New York 10016",www.gc.cuny.edu,"4-year, Public",Less than one year certificate|Bachelor's degree|Postbaccalaureate certificate|Master's degree|Post-master's certificate|Doctor's degree - research/scholarship|Doctor's degree - professional practice,City: Large,Yes,6954,1795,NA,NA,Fall 2009,NA,-,190576,476500
CUNY Hunter College,"695 Park Ave, New York, New York 10065",www.hunter.cuny.edu,"4-year, Public",Less than one year certificate|One but less than two years certificate|Bachelor's degree|Postbaccalaureate certificate|Master's degree|Post-master's certificate|Doctor's degree - research/scholarship|Doctor's degree - professional practice,City: Large,Yes,22918,16550,54%,26%,Fall 2009,"$10,944 ",-,190594,268900
CUNY Lehman College,"250 Bedford Park Blvd West, Bronx, New York 10468",www.lehman.cuny.edu,"4-year, Public",Less than one year certificate|One but less than two years certificate|Bachelor's degree|Postbaccalaureate certificate|Master's degree|Post-master's certificate,City: Large,Yes,12807,10800,38%,28%,Fall 2009,"$7,123 ",-,190637,702200
CUNY Queens College,"65-30 Kissena Blvd, Queens, New York 11367",qc.cuny.edu,"4-year, Public",Bachelor's degree|Postbaccalaureate certificate|Master's degree|Post-master's certificate,City: Large,Yes,19520,16100,58%,20%,Fall 2009,"$10,515 ",-,190664,269000
Elmezzi Graduate School of Molecular Medicine,"350 Community Drive, Manhasset, New York 11030-3816",www.elmezzigraduateschool.org,"4-year, Private not-for-profit",Doctor's degree - research/scholarship,Suburb: Large,No,9,,NA,NA,Fall 2009,NA,-,486080,4117000
Fordham University,"441 E Fordham Rd, Bronx, New York 10458",www.fordham.edu,"4-year, Private not-for-profit",Bachelor's degree|Postbaccalaureate certificate|Master's degree|Post-master's certificate|Doctor's degree - research/scholarship|Doctor's degree - professional practice,City: Large,Yes,15286,8855,81%,NA,Fall 2009,"$35,912 ",-,191241,272200
Hofstra University,"100 Hofstra University, Hempstead, New York 11549",www.hofstra.edu,"4-year, Private not-for-profit",Bachelor's degree|Postbaccalaureate certificate|Master's degree|Post-master's certificate|Doctor's degree - research/scholarship|Doctor's degree - professional practice,Suburb: Large,Yes,10814,6824,60%,30%,Fall 2009,"$30,459 ",-,191649,273200
Icahn School of Medicine at Mount Sinai,"One Gustave L Levy Place, Box 1217, New York, New York 10029-6574",icahn.mssm.edu,"4-year, Private not-for-profit",Postbaccalaureate certificate|Master's degree|Doctor's degree - research/scholarship|Doctor's degree - professional practice,City: Large,Yes,1150,,NA,NA,Fall 2009,NA,-,193405,702600
Ithaca College,"953 Danby Rd, Ithaca, New York 14850-7002",www.ithaca.edu,"4-year, Private not-for-profit",One but less than two years certificate|Bachelor's degree|Master's degree|Doctor's degree - professional practice,Suburb: Small,Yes,6769,6323,76%,NA,Fall 2009,"$34,893 ",-,191968,273900
LIU Brooklyn,"1 University Plaza, Brooklyn, New York 11201-8423",liu.edu/Brooklyn,"4-year, Private not-for-profit",One but less than two years certificate|Associate's degree|Bachelor's degree|Postbaccalaureate certificate|Master's degree|Post-master's certificate|Doctor's degree - research/scholarship|Doctor's degree - professional practice,City: Large,Yes,8170,4661,35%,42%,Fall 2009,"$24,474 ",-,192439,275116
LIU Post,"720 Northern Blvd, Brookville, New York 11548-1327",liu.edu/CWPost,"4-year, Private not-for-profit",One but less than two years certificate|Associate's degree|Bachelor's degree|Postbaccalaureate certificate|Master's degree|Post-master's certificate|Doctor's degree - research/scholarship,Suburb: Large,Yes,8623,6224,49%,38%,Fall 2009,"$28,576 ",-,192448,275100
New York Medical College,"Administration Building, Valhalla, New York 10595",WWW.NYMC.EDU,"4-year, Private not-for-profit",Postbaccalaureate certificate|Master's degree|Doctor's degree - research/scholarship|Doctor's degree - professional practice,Suburb: Large,Yes,1426,,NA,NA,Fall 2009,NA,-,193830,278400
New York University,"70 Washington Sq South, New York, New York 10012-1091",www.nyu.edu,"4-year, Private not-for-profit",Less than one year certificate|Associate's degree|Bachelor's degree|Postbaccalaureate certificate|Master's degree|Post-master's certificate|Doctor's degree - research/scholarship|Doctor's degree - professional practice|Doctor's degree - other,City: Large,Yes,50027,25722,84%,NA,Fall 2009,"$35,106 ",-,193900,278500
Rensselaer Polytechnic Institute,"110 8th St, Troy, New York 12180-3590",www.rpi.edu,"4-year, Private not-for-profit",Bachelor's degree|Master's degree|Doctor's degree - research/scholarship,City: Small,Yes,6982,5864,81%,4%,Fall 2009,"$37,820 ",-,194824,280300
Rochester Institute of Technology,"1 Lomb Memorial Dr, Rochester, New York 14623-5603",www.rit.edu/,"4-year, Private not-for-profit",Less than one year certificate|One but less than two years certificate|Associate's degree|Bachelor's degree|Postbaccalaureate certificate|Master's degree|Doctor's degree - research/scholarship,Suburb: Large,Yes,16639,13542,68%,NA,Fall 2009,"$28,779 ",-,195003,280600
Rockefeller University,"1230 York Avenue, New York, New York 10065-6399",www.rockefeller.edu,"4-year, Private not-for-profit",Master's degree|Doctor's degree - research/scholarship,City: Large,Yes,209,,NA,NA,Fall 2009,NA,-,195049,280700
St John's University-New York,"8000 Utopia Pky, Queens, New York 11439",www.stjohns.edu,"4-year, Private not-for-profit",One but less than two years certificate|Associate's degree|Two but less than 4 years certificate|Bachelor's degree|Postbaccalaureate certificate|Master's degree|Post-master's certificate|Doctor's degree - research/scholarship|Doctor's degree - professional practice,City: Large,Yes,20877,16206,58%,NA,Fall 2009,"$27,390 ",-,195809,282300
State University of New York at New Paltz,"1 Hawk Drive, New Paltz, New York 12561-2443",www.newpaltz.edu,"4-year, Public",Bachelor's degree|Master's degree|Post-master's certificate,Suburb: Large,Yes,7751,6699,73%,22%,Fall 2009,"$13,813 ",-,196176,284600
Stony Brook University,"310 Administration Building, Stony Brook, New York 11794",www.stonybrook.edu,"4-year, Public",Bachelor's degree|Postbaccalaureate certificate|Master's degree|Post-master's certificate|Doctor's degree - research/scholarship|Doctor's degree - professional practice,Suburb: Large,Yes,25272,16831,68%,22%,Fall 2009,"$13,503 ",-,196097,283800
SUNY at Albany,"1400 Washington Avenue, Albany, New York 12222",www.albany.edu,"4-year, Public",Bachelor's degree|Postbaccalaureate certificate|Master's degree|Post-master's certificate|Doctor's degree - research/scholarship,City: Small,Yes,17178,12907,68%,25%,Fall 2009,"$14,226 ",-,196060,283500
SUNY at Binghamton,"4400 Vestal Parkway East, Vestal, New York 13850-6000",www.binghamton.edu,"4-year, Public",Bachelor's degree|Master's degree|Post-master's certificate|Doctor's degree - research/scholarship|Doctor's degree - professional practice,Suburb: Midsize,Yes,16913,13491,81%,15%,Fall 2009,"$16,081 ",-,196079,283600
SUNY at Fredonia,"280 Central Ave, Fredonia, New York 14063-1136",www.fredonia.edu,"4-year, Public",Bachelor's degree|Master's degree|Post-master's certificate,Town: Distant,Yes,4842,4582,65%,22%,Fall 2009,"$15,991 ",-,196158,284400
SUNY Buffalo State,"1300 Elmwood Ave, Buffalo, New York 14222",suny.buffalostate.edu/,"4-year, Public",One but less than two years certificate|Bachelor's degree|Postbaccalaureate certificate|Master's degree|Post-master's certificate,City: Large,Yes,10330,9187,49%,33%,Fall 2009,"$11,464 ",-,196130,284200
SUNY College at Brockport,"350 New Campus Dr, Brockport, New York 14420-2919",www.brockport.edu,"4-year, Public",Bachelor's degree|Postbaccalaureate certificate|Master's degree|Post-master's certificate,Town: Fringe,Yes,8161,7069,69%,23%,Fall 2009,"$14,190 ",-,196121,284100
SUNY College at Oswego,"7060 State Route 104, Oswego, New York 13126",www.oswego.edu/,"4-year, Public",Bachelor's degree|Master's degree|Post-master's certificate,Town: Distant,Yes,7937,7104,66%,26%,Fall 2009,"$16,021 ",-,196194,284800
SUNY College of Environmental Science and Forestry,"One Forestry Dr., Syracuse, New York 13210",www.esf.edu,"4-year, Public",Associate's degree|Bachelor's degree|Postbaccalaureate certificate|Master's degree|Doctor's degree - research/scholarship,City: Midsize,Yes,2222,1755,75%,20%,Fall 2009,"$17,813 ",-,196103,285100
SUNY Downstate Medical Center,"450 Clarkson Ave, Brooklyn, New York 11203-2098",www.downstate.edu/,"4-year, Public",Bachelor's degree|Postbaccalaureate certificate|Master's degree|Post-master's certificate|Doctor's degree - research/scholarship|Doctor's degree - professional practice,City: Large,Yes,1858,348,NA,NA,Fall 2009,NA,-,196255,283900
SUNY Oneonta,"Ravine Parkway, Oneonta, New York 13820-4015",www.oneonta.edu,"4-year, Public",Bachelor's degree|Postbaccalaureate certificate|Master's degree|Post-master's certificate,Town: Remote,Yes,6119,5850,72%,23%,Fall 2009,"$15,401 ",-,196185,284700
Syracuse University,"900 South Crouse Ave., Syracuse, New York 13244",syr.edu/,"4-year, Private not-for-profit",Less than one year certificate|Associate's degree|Bachelor's degree|Postbaccalaureate certificate|Master's degree|Post-master's certificate|Doctor's degree - research/scholarship|Doctor's degree - professional practice,City: Midsize,Yes,21789,15196,81%,NA,Fall 2009,"$30,727 ",-,196413,288200
Teachers College at Columbia University,"525 W 120th St, New York, New York 10027",www.tc.columbia.edu,"4-year, Private not-for-profit",Master's degree|Doctor's degree - research/scholarship,City: Large,Yes,4984,,NA,NA,Fall 2009,NA,-,196468,397900
Touro College,"500 7th Avenue, New York, New York 10018",legacy.touro.edu,"4-year, Private not-for-profit",One but less than two years certificate|Associate's degree|Bachelor's degree|Postbaccalaureate certificate|Master's degree|Post-master's certificate|Doctor's degree - professional practice,City: Large,Yes,13033,6834,41%,6%,Fall 2009,"$16,284 ",-,196592,1014200
University at Buffalo,"12 Capen Hall, Buffalo, New York 14260-1660",www.buffalo.edu,"4-year, Public",One but less than two years certificate|Associate's degree|Bachelor's degree|Master's degree|Post-master's certificate|Doctor's degree - research/scholarship|Doctor's degree - professional practice,Suburb: Large,Yes,29796,19953,74%,16%,Fall 2009,"$15,306 ",-,196088,283700
University of Rochester,"Wilson Blvd. - Wallis Hall, Rochester, New York 14627-0011",www.rochester.edu,"4-year, Private not-for-profit",Bachelor's degree|Postbaccalaureate certificate|Master's degree|Post-master's certificate|Doctor's degree - research/scholarship|Doctor's degree - professional practice,City: Midsize,Yes,11105,6304,88%,NA,Fall 2009,"$33,682 ",-,195030,289400
Upstate Medical University,"750 E Adams St, Syracuse, New York 13210",www.upstate.edu,"4-year, Public",Bachelor's degree|Master's degree|Post-master's certificate|Doctor's degree - research/scholarship|Doctor's degree - professional practice,City: Midsize,Yes,1480,219,NA,NA,Fall 2009,NA,-,196307,284000
Vassar College,"124 Raymond Ave, Poughkeepsie, New York 12604",www.vassar.edu,"4-year, Private not-for-profit",Bachelor's degree|Master's degree,Suburb: Large,Yes,2435,2435,91%,NA,Fall 2009,"$21,265 ",-,197133,289500
Wagner College,"One Campus Rd, Staten Island, New York 10301-4495",www.wagner.edu,"4-year, Private not-for-profit",Bachelor's degree|Master's degree|Post-master's certificate|Doctor's degree - professional practice,City: Large,Yes,2213,1756,64%,NA,Fall 2009,"$25,697 ",-,197197,289900
Weill Cornell Medical College,"1300 York Ave, C-114, New York, New York 10065",www.med.cornell.edu,"4-year, Private not-for-profit",Master's degree|Doctor's degree - research/scholarship|Doctor's degree - professional practice,City: Large,Yes,1037,,NA,NA,Fall 2009,NA,-,190424,271101
Yeshiva University,"500 W 185th St, New York, New York 10033-3299",www.yu.edu,"4-year, Private not-for-profit",Associate's degree|Bachelor's degree|Master's degree|Post-master's certificate|Doctor's degree - research/scholarship|Doctor's degree - professional practice,City: Large,Yes,6194,2740,88%,NA,Fall 2009,"$30,490 ",-,197708,290300
Oregon Health & Science University,"3181 SW Sam Jackson Park Rd, Portland, Oregon 97239-3098",www.ohsu.edu/xd,"4-year, Public",Bachelor's degree|Postbaccalaureate certificate|Master's degree|Post-master's certificate|Doctor's degree - research/scholarship|Doctor's degree - professional practice,City: Large,No,2895,827,NA,NA,Fall 2009,NA,-,209490,488200
Oregon State University,"1500 SW Jefferson Avenue, Corvallis, Oregon 97331",oregonstate.edu,"4-year, Public",Bachelor's degree|Postbaccalaureate certificate|Master's degree|Doctor's degree - research/scholarship|Doctor's degree - professional practice,City: Small,Yes,29576,24612,64%,23%,Fall 2009,"$17,706 ",-,209542,321000
Pacific University,"2043 College Way, Forest Grove, Oregon 97116",www.pacificu.edu,"4-year, Private not-for-profit",Bachelor's degree|Postbaccalaureate certificate|Master's degree|Doctor's degree - research/scholarship|Doctor's degree - professional practice,Suburb: Large,Yes,3810,1924,71%,NA,Fall 2009,"$29,263 ",-,209612,321200
Portland State University,"724 SW Harrison, Portland, Oregon 97201",www.pdx.edu,"4-year, Public",Bachelor's degree|Postbaccalaureate certificate|Master's degree|Doctor's degree - research/scholarship,City: Large,Yes,27488,21980,42%,15%,Fall 2009,"$13,476 ",-,209807,321600
Southern Oregon University,"1250 Siskiyou Blvd, Ashland, Oregon 97520",www.sou.edu,"4-year, Public",Bachelor's degree|Postbaccalaureate certificate|Master's degree,Suburb: Midsize,Yes,6088,5421,37%,46%,Fall 2009,"$15,004 ",-,210146,321900
University of Oregon,"110 Johnson Hall, Eugene, Oregon 97403",www.uoregon.edu,"4-year, Public",Bachelor's degree|Postbaccalaureate certificate|Master's degree|Post-master's certificate|Doctor's degree - research/scholarship|Doctor's degree - professional practice,City: Midsize,Yes,24032,20538,71%,NA,Fall 2009,"$15,128 ",-,209551,322300
Black Hills State University,"1200 University St, Spearfish, South Dakota 57799-9500",www.bhsu.edu,"4-year, Public",Less than one year certificate|Associate's degree|Bachelor's degree|Postbaccalaureate certificate|Master's degree,Town: Distant,Yes,4395,3896,36%,NA,Fall 2009,"$14,091 ",-,219046,345900
South Dakota State University,"Campanile Avenue, Brookings, South Dakota 57007-1898",www.sdstate.edu/,"4-year, Public",Less than one year certificate|Associate's degree|Bachelor's degree|Postbaccalaureate certificate|Master's degree|Post-master's certificate|Doctor's degree - research/scholarship|Doctor's degree - professional practice,Town: Remote,Yes,12576,10994,54%,NA,Fall 2009,"$20,891 ",-,219356,347100
University of South Dakota,"414 E Clark St, Vermillion, South Dakota 57069-2390",WWW.USD.EDU,"4-year, Public",Less than one year certificate|One but less than two years certificate|Associate's degree|Bachelor's degree|Postbaccalaureate certificate|Master's degree|Post-master's certificate|Doctor's degree - research/scholarship|Doctor's degree - professional practice,Town: Distant,Yes,9971,7435,52%,30%,Fall 2009,"$15,898 ",-,219471,347400
Angelo State University,"2601 W. Avenue N, San Angelo, Texas 76909",www.angelo.edu,"4-year, Public",Less than one year certificate|Bachelor's degree|Postbaccalaureate certificate|Master's degree|Post-master's certificate|Doctor's degree - professional practice,City: Small,Yes,8483,7177,37%,NA,Fall 2009,"$12,751 ",-,222831,354100
Baylor College of Medicine,"One Baylor Plaza, Houston, Texas 77030-3498",www.bcm.edu,"4-year, Private not-for-profit",Master's degree|Doctor's degree - research/scholarship|Doctor's degree - professional practice,City: Large,No,1572,,NA,NA,Fall 2009,NA,-,223223,494900
Baylor University,"500 Speight Ave., Waco, Texas 76798",www.baylor.edu,"4-year, Private not-for-profit",Bachelor's degree|Master's degree|Post-master's certificate|Doctor's degree - research/scholarship|Doctor's degree - professional practice,City: Midsize,Yes,16787,14189,70%,NA,Fall 2009,"$34,413 ",-,223232,354500
Dallas Baptist University,"3000 Mountain Creek Parkway, Dallas, Texas 75211-9299",www.dbu.edu,"4-year, Private not-for-profit",One but less than two years certificate|Associate's degree|Bachelor's degree|Postbaccalaureate certificate|Master's degree|Post-master's certificate|Doctor's degree - research/scholarship,City: Large,Yes,5319,3315,58%,NA,Fall 2009,"$24,791 ",-,224226,356000
Lamar University,"4400 MLK Blvd, Beaumont, Texas 77705",www.lamar.edu,"4-year, Public",Bachelor's degree|Postbaccalaureate certificate|Master's degree|Doctor's degree - research/scholarship|Doctor's degree - professional practice,City: Midsize,Yes,14965,9215,32%,36%,Fall 2009,"$12,157 ",-,226091,358100
Midwestern State University,"3410 Taft Blvd, Wichita Falls, Texas 76308-2099",www.mwsu.edu,"4-year, Public",Associate's degree|Bachelor's degree|Master's degree,City: Midsize,Yes,6043,5287,44%,29%,Fall 2009,"$8,888 ",-,226833,359200
Prairie View A & M University,"FM 1098 Road & University Drive, Prairie View, Texas 77446",www.pvamu.edu,"4-year, Public",Bachelor's degree|Master's degree|Doctor's degree - research/scholarship,Town: Distant,Yes,8315,6925,34%,37%,Fall 2009,"$10,166 ",-,227526,363000
Rice University,"6100 S Main St, Houston, Texas 77005-1827",www.rice.edu,"4-year, Private not-for-profit",Bachelor's degree|Master's degree|Doctor's degree - research/scholarship,City: Large,Yes,6719,3910,91%,NA,Fall 2009,"$22,462 ",-,227757,360400
Sam Houston State University,"1806 Ave J, Huntsville, Texas 77340",www.shsu.edu/,"4-year, Public",Bachelor's degree|Postbaccalaureate certificate|Master's degree|Doctor's degree - research/scholarship,Town: Distant,Yes,20031,17401,49%,30%,Fall 2009,"$11,872 ",-,227881,360600
Southern Methodist University,"6425 Boaz St, Dallas, Texas 75275-0221",www.smu.edu,"4-year, Private not-for-profit",Bachelor's degree|Postbaccalaureate certificate|Master's degree|Post-master's certificate|Doctor's degree - research/scholarship|Doctor's degree - professional practice,Suburb: Large,Yes,11643,6411,79%,NA,Fall 2009,"$36,602 ",-,228246,361300
Stephen F Austin State University,"2008 Alumin Drive, Rusk 206, Nacogdoches, Texas 75961",www.sfasu.edu,"4-year, Public",Bachelor's degree|Master's degree|Doctor's degree - research/scholarship,Rural: Fringe,Yes,12606,10899,41%,41%,Fall 2009,"$14,333 ",-,228431,362400
Sul Ross State University,"HWY 90 East, Alpine, Texas 79832",www.sulross.edu,"4-year, Public",One but less than two years certificate|Associate's degree|Bachelor's degree|Postbaccalaureate certificate|Master's degree,Town: Remote,Yes,2967,2147,21%,NA,Fall 2009,"$12,550 ",-,228501,362500
Tarleton State University,"1333 W. Washington, Stephenville, Texas 76401-0000",www.tarleton.edu,"4-year, Public",Associate's degree|Bachelor's degree|Master's degree|Doctor's degree - research/scholarship,Town: Remote,Yes,12330,10750,44%,34%,Fall 2009,"$11,758 ",-,228529,363100
Texas A & M International University,"5201 University Blvd, Laredo, Texas 78041-1900",www.tamiu.edu/,"4-year, Public",Bachelor's degree|Master's degree|Doctor's degree - research/scholarship,City: Midsize,Yes,7192,6375,40%,NA,Fall 2009,"$9,212 ",-,226152,965100
Texas A & M University-College Station,"JKW Administration Building, Suite 100, College Station, Texas 77843-1248",www.tamu.edu,"4-year, Public",Bachelor's degree|Postbaccalaureate certificate|Master's degree|Post-master's certificate|Doctor's degree - research/scholarship|Doctor's degree - professional practice,City: Small,Yes,63813,48959,79%,16%,Fall 2009,"$13,723 ",-,228723,363200
Texas A & M University-Commerce,"2600 South Neal, Commerce, Texas 75429-3011",www.tamuc.edu/,"4-year, Public",Bachelor's degree|Master's degree|Doctor's degree - research/scholarship,Town: Distant,Yes,12928,7884,42%,34%,Fall 2009,"$8,351 ",-,224554,356500
Texas A & M University-Corpus Christi,"6300 Ocean Dr., Corpus Christi, Texas 78412-5503",www.tamucc.edu,"4-year, Public",Bachelor's degree|Master's degree|Post-master's certificate|Doctor's degree - research/scholarship,City: Large,Yes,11661,9554,37%,40%,Fall 2009,"$12,235 ",-,224147,1116100
Texas A & M University-Kingsville,"955 University Blvd, Kingsville, Texas 78363",WWW.TAMUK.EDU,"4-year, Public",Bachelor's degree|Postbaccalaureate certificate|Master's degree|Post-master's certificate|Doctor's degree - research/scholarship,Town: Distant,Yes,9207,6605,33%,36%,Fall 2009,"$12,078 ",-,228705,363900
Texas Christian University,"2800 S University Dr, Fort Worth, Texas 76129",www.tcu.edu/,"4-year, Private not-for-profit",One but less than two years certificate|Two but less than 4 years certificate|Bachelor's degree|Postbaccalaureate certificate|Master's degree|Post-master's certificate|Doctor's degree - research/scholarship|Doctor's degree - professional practice,City: Large,Yes,10323,8894,76%,18%,Fall 2009,"$31,085 ",-,228875,363600
Texas Southern University,"3100 Cleburne St, Houston, Texas 77004",www.tsu.edu,"4-year, Public",Bachelor's degree|Master's degree|Doctor's degree - research/scholarship|Doctor's degree - professional practice,City: Large,Yes,8965,6696,19%,NA,Fall 2009,"$14,440 ",-,229063,364200
Texas State University,"601 University Dr, San Marcos, Texas 78666",www.txstate.edu,"4-year, Public",Bachelor's degree|Postbaccalaureate certificate|Master's degree|Doctor's degree - research/scholarship|Doctor's degree - professional practice,Suburb: Small,Yes,37979,33480,53%,NA,Fall 2009,"$12,728 ",-,228459,361500
Texas Tech University,"Broadway and University Avenue, Lubbock, Texas 79409-5005",www.ttu.edu,"4-year, Public",Less than one year certificate|Bachelor's degree|Postbaccalaureate certificate|Master's degree|Doctor's degree - research/scholarship|Doctor's degree - professional practice,City: Midsize,Yes,35859,29237,60%,NA,Fall 2009,"$15,005 ",-,229115,364400
Texas Tech University Health Sciences Center,"3601 4th Street, Lubbock, Texas 79430",www.ttuhsc.edu,"4-year, Public",Bachelor's degree|Postbaccalaureate certificate|Master's degree|Post-master's certificate|Doctor's degree - research/scholarship|Doctor's degree - professional practice,City: Midsize,No,4998,1464,NA,NA,Fall 2009,NA,-,229337,1067400
Texas Woman's University,"304 Administration Dr, Denton, Texas 76204",www.twu.edu,"4-year, Public",Bachelor's degree|Postbaccalaureate certificate|Master's degree|Post-master's certificate|Doctor's degree - research/scholarship|Doctor's degree - professional practice,City: Midsize,Yes,15286,10080,41%,38%,Fall 2009,"$8,995 ",-,229179,364600
The University of Texas at Arlington,"701 S. Nedderman Dr., Arlington, Texas 76013",WWW.UTA.EDU,"4-year, Public",Less than one year certificate|Bachelor's degree|Postbaccalaureate certificate|Master's degree|Post-master's certificate|Doctor's degree - research/scholarship|Doctor's degree - professional practice,City: Large,Yes,41988,30633,46%,35%,Fall 2009,"$11,742 ",-,228769,365600
The University of Texas at Austin,"110 Inner Campus Drive, Austin, Texas 78712",www.utexas.edu,"4-year, Public",Less than one year certificate|Bachelor's degree|Postbaccalaureate certificate|Master's degree|Doctor's degree - research/scholarship|Doctor's degree - professional practice,City: Large,Yes,50950,39619,80%,NA,Fall 2009,"$17,366 ",-,228778,365800
The University of Texas at Dallas,"800 West Campbell  Road, Richardson, Texas 75080-3021",www.utdallas.edu,"4-year, Public",Bachelor's degree|Postbaccalaureate certificate|Master's degree|Doctor's degree - research/scholarship|Doctor's degree - professional practice,City: Small,Yes,24554,15575,66%,20%,Fall 2009,"$8,978 ",-,228787,974100
The University of Texas at El Paso,"500 W. University Ave, El Paso, Texas 79968-0691",www.utep.edu,"4-year, Public",Bachelor's degree|Master's degree|Post-master's certificate|Doctor's degree - research/scholarship|Doctor's degree - professional practice,City: Large,Yes,23397,20220,40%,29%,Fall 2009,"$5,433 ",-,228796,366100
The University of Texas at San Antonio,"One UTSA Circle, San Antonio, Texas 78249-1644",www.utsa.edu/,"4-year, Public",Bachelor's degree|Master's degree|Doctor's degree - research/scholarship,City: Large,Yes,28787,24462,31%,35%,Fall 2009,"$11,004 ",-,229027,1011500
The University of Texas at Tyler,"3900 University Blvd, Tyler, Texas 75799-6699",www.uttyler.edu/,"4-year, Public",Bachelor's degree|Master's degree|Post-master's certificate|Doctor's degree - research/scholarship|Doctor's degree - professional practice,City: Small,Yes,8785,6318,41%,NA,Fall 2009,"$14,377 ",-,228802,1116300
The University of Texas Health Science Center at Houston,"7000 Fannin, Houston, Texas 77030",www.uth.edu/,"4-year, Public",Two but less than 4 years certificate|Bachelor's degree|Master's degree|Post-master's certificate|Doctor's degree - research/scholarship|Doctor's degree - professional practice,City: Large,No,4795,677,NA,NA,Fall 2009,NA,-,229300,495100
The University of Texas Health Science Center at San Antonio,"7703 Floyd Curl Dr, San Antonio, Texas 78229-3900",www.uthscsa.edu,"4-year, Public",Less than one year certificate|One but less than two years certificate|Bachelor's degree|Postbaccalaureate certificate|Master's degree|Post-master's certificate|Doctor's degree - research/scholarship|Doctor's degree - professional practice,City: Large,No,3130,793,NA,NA,Fall 2009,NA,-,228644,365900
The University of Texas Medical Branch,"301 University Blvd, Galveston, Texas 77555-0129",https://www.utmb.edu,"4-year, Public",Bachelor's degree|Postbaccalaureate certificate|Master's degree|Post-master's certificate|Doctor's degree - research/scholarship|Doctor's degree - professional practice,Town: Fringe,Yes,3169,745,NA,NA,Fall 2009,NA,-,228653,495200
The University of Texas of the Permian Basin,"4901 E University, Odessa, Texas 79762-0001",www.utpb.edu,"4-year, Public",Bachelor's degree|Postbaccalaureate certificate|Master's degree,City: Small,Yes,6077,5233,40%,37%,Fall 2009,"$8,984 ",-,229018,993000
The University of Texas Rio Grande Valley,"1201 W University Dr, Edinburg, Texas 78539-2999",www.utrgv.edu,"4-year, Public",Bachelor's degree|Postbaccalaureate certificate|Master's degree|Post-master's certificate|Doctor's degree - research/scholarship|Doctor's degree - professional practice,City: Small,Yes,28584,24547,39%,NA,Fall 2009,"$4,335 ",-,227368,359900
University of Houston,"212 E. Cullen Building, Houston, Texas 77204-2018",www.uh.edu/,"4-year, Public",Bachelor's degree|Master's degree|Doctor's degree - research/scholarship|Doctor's degree - professional practice,City: Large,Yes,42704,34830,51%,20%,Fall 2009,"$14,059 ",-,225511,365200
University of Houston-Clear Lake,"2700 Bay Area Blvd, Houston, Texas 77058-1002",www.uhcl.edu/home,"4-year, Public",Bachelor's degree|Master's degree|Doctor's degree - research/scholarship,Suburb: Large,Yes,8906,5427,NA,NA,Fall 2009,"$11,995 ",-,225414,1171100
University of Houston-Victoria,"3007 N. Ben Wilson, Victoria, Texas 77901",www.uhv.edu,"4-year, Public",Bachelor's degree|Master's degree,City: Small,Yes,4152,2973,NA,NA,Fall 2009,"$10,882 ",-,225502,1323100
University of North Texas,"1501 W.Chestnut Ave., Denton, Texas 76203-1277",www.unt.edu,"4-year, Public",Bachelor's degree|Postbaccalaureate certificate|Master's degree|Doctor's degree - research/scholarship|Doctor's degree - professional practice,City: Midsize,Yes,37299,30533,52%,28%,Fall 2009,"$10,202 ",-,227216,359400
University of North Texas Health Science Center,"3500 Camp Bowie Blvd, Fort Worth, Texas 76107-2699",www.unthsc.edu,"4-year, Public",Postbaccalaureate certificate|Master's degree|Doctor's degree - research/scholarship|Doctor's degree - professional practice,City: Large,No,2382,,NA,NA,Fall 2009,NA,-,228909,976800
University of Texas Health Science Center at Tyler,"11937 US Highway 271, Tyler, Texas 75708-3154",https://uthealth.org,"4-year, Public",Master's degree,Rural: Fringe,No,17,,NA,NA,Fall 2009,NA,-,485537,4243900
University of Texas Southwestern Medical Center,"5323 Harry Hines Blvd, Dallas, Texas 75390-9096",www.utsouthwestern.edu,"4-year, Public",Postbaccalaureate certificate|Master's degree|Post-master's certificate|Doctor's degree - research/scholarship|Doctor's degree - professional practice|Doctor's degree - other,City: Large,No,2295,,NA,NA,Fall 2009,NA,-,228635,1001900
University of the Incarnate Word,"4301 Broadway, San Antonio, Texas 78209",www.uiw.edu,"4-year, Private not-for-profit",Associate's degree|Bachelor's degree|Master's degree|Post-master's certificate|Doctor's degree - research/scholarship|Doctor's degree - professional practice,City: Large,Yes,8666,6445,54%,NA,Fall 2009,"$21,451 ",-,225627,357800
West Texas A & M University,"2501 4th Ave, Canyon, Texas 79016-0001",www.wtamu.edu,"4-year, Public",Bachelor's degree|Master's degree|Doctor's degree - research/scholarship,Town: Fringe,Yes,9489,7278,40%,35%,Fall 2009,"$12,232 ",-,229814,366500
University of Vermont,"85 S Prospect St, Burlington, Vermont 05405-0160",www.uvm.edu,"4-year, Public",Bachelor's degree|Postbaccalaureate certificate|Master's degree|Post-master's certificate|Doctor's degree - research/scholarship|Doctor's degree - professional practice,City: Small,Yes,12815,10973,77%,NA,Fall 2009,"$17,297 ",-,231174,369600
Central Washington University,"400 East University Way, Ellensburg, Washington 98926-7501",www.cwu.edu,"4-year, Public",Less than one year certificate|Bachelor's degree|Master's degree|Post-master's certificate,Town: Distant,Yes,11993,11112,52%,NA,Fall 2009,"$15,189 ",-,234827,377100
Eastern Washington University,"526 5th Street, Cheney, Washington 99004-2496",www.ewu.edu,"4-year, Public",Less than one year certificate|Bachelor's degree|Postbaccalaureate certificate|Master's degree|Doctor's degree - professional practice,Town: Fringe,Yes,12361,11300,46%,NA,Fall 2009,"$12,318 ",-,235097,377500
Heritage University,"3240 Fort Rd, Toppenish, Washington 98948",www.heritage.edu,"4-year, Private not-for-profit",One but less than two years certificate|Associate's degree|Bachelor's degree|Postbaccalaureate certificate|Master's degree|Post-master's certificate,Rural: Fringe,No,1219,834,18%,18%,Fall 2009,"$10,828 ",-,235422,377700
University of Washington-Seattle Campus,"1400 NE Campus Parkway, Seattle, Washington 98195-4550",www.washington.edu,"4-year, Public",Bachelor's degree|Master's degree|Post-master's certificate|Doctor's degree - research/scholarship|Doctor's degree - professional practice|Doctor's degree - other,City: Large,Yes,45408,31063,84%,NA,Fall 2009,"$9,744 ",-,236948,379800
Walla Walla University,"204 S College Ave, College Place, Washington 99324-1198",www.wallawalla.edu,"4-year, Private not-for-profit",Associate's degree|Bachelor's degree|Master's degree,Suburb: Small,Yes,1840,1656,52%,NA,Fall 2009,"$24,104 ",-,236896,379900
Washington State University,"French Administration Building, Pullman, Washington 99164-5910",wsu.edu/,"4-year, Public",Less than one year certificate|Bachelor's degree|Postbaccalaureate certificate|Master's degree|Post-master's certificate|Doctor's degree - research/scholarship|Doctor's degree - professional practice,Town: Distant,Yes,29686,24470,64%,NA,Fall 2009,"$17,929 ",-,236939,380000
Western Washington University,"516 High Street, Bellingham, Washington 98225-9008",www.wwu.edu,"4-year, Public",Less than one year certificate|Bachelor's degree|Master's degree|Post-master's certificate,City: Small,Yes,15332,14402,71%,NA,Fall 2009,"$15,914 ",-,237011,380200
,* Cohort Year represents the year for which students began their studies and applies to Graduation and Transfer Out Rates.,,,,,,,,,,,,,,
,"** Net Price is Average Net Price for 2014-2015 generated for full-time beginning undergraduate students who were awarded grant or scholarship aid from federal, state or local governments, or the institution. For public institutions only students paying the in-state or in-district rate are included.  For institutions that charge students by program, net price is generated for the institutions largest program.",,,,,,,,,,,,,,
,"NA (Not applicable) - Graduation rate, transfer-out rate and the net price are not applicable to institutions that do not have full-time, first-time degree-seeking undergraduate students in the applicable cohort year or the financial aid year.",,,,,,,,,,,,,,
